"provision_id","source_type","part_chapter","article_section","title","verbatim_text_excerpt","simplified_explanation","keywords","landmark_case_1","lc1_year","lc1_holding_summary","landmark_case_2","lc2_year","lc2_holding_summary","upsc_relevance","category"
"IND-001","Constitution","Preamble","Preamble","Preamble of India","WE, THE PEOPLE OF INDIA, having solemnly resolved to constitute India into a SOVEREIGN SOCIALIST SECULAR DEMOCRATIC REPUBLIC and to secure to all its citizens: JUSTICE, social, economic and political; LIBERTY of thought, expression, belief, faith and worship; EQUALITY of status and of opportunity; and to promote among them all FRATERNITY assuring the dignity of the individual and the unity and integrity of the Nation","The Preamble is the introduction to the Constitution. It declares India to be Sovereign (independent), Socialist (state-controlled mixed economy), Secular (no state religion), Democratic (people elect representatives), and Republic (elected head of state). It guarantees Justice, Liberty, Equality, and Fraternity to all citizens.","Preamble,Sovereign,Socialist,Secular,Democratic,Republic,Justice,Liberty,Equality,Fraternity","Kesavananda Bharati v. State of Kerala","1973","Preamble is part of the Constitution and can be amended but its basic structure cannot be altered","SR Bommai v. Union of India","1994","Secularism is a basic feature of the Constitution; misuse of religion in politics justifies President's Rule","High","Constitutional Philosophy"
"IND-002","Constitution","Part I - The Union and its Territory","Article 1","Name and Territory of the Union","India, that is Bharat, shall be a Union of States","India is officially called India or Bharat. It is a Union of States — not a federation — meaning states cannot secede. The term 'Union' was deliberately used to show the indestructible nature of the country.","Union of States,Bharat,India,Territory,Indestructible","In re Berubari Union","1960","Ceding territory to a foreign country requires constitutional amendment under Article 368","Rameshwar Prasad v. Union of India","2006","The expression Union of States reinforces that no state can claim the right to secede","High","Union and Territory"
"IND-003","Constitution","Part I - The Union and its Territory","Article 3","Formation of New States","Parliament may by law form a new State by separation of territory from any State, or by uniting two or more States or parts of States or by uniting any territory to a part of any State","Parliament alone has the power to create new states, alter boundaries, or rename states. The concerned state legislature's opinion must be taken but is not binding on Parliament. No state's consent is required.","New States,Bifurcation,Reorganisation,Parliament,State Legislature","Babulal Parate v. State of Bombay","1960","State legislature's view is not binding on Parliament while reorganising states","In re Article 3 of the Constitution","1949","Parliament has plenary power to alter boundaries and form new states","High","Union and Territory"
"IND-004","Constitution","Part II - Citizenship","Article 5","Citizenship at commencement of Constitution","At the commencement of this Constitution, every person who has his domicile in the territory of India and who was born in the territory of India shall be a citizen of India","At the time the Constitution came into force (26 Jan 1950), persons domiciled in India and born here, or whose parents were born here, or who had been resident for at least 5 years, became Indian citizens automatically.","Citizenship,Domicile,Birth,Commencement","Izhar Ahmad Khan v. Union of India","1962","Citizenship determined by domicile and birth as prescribed under Part II","State of UP v. Shah Mohammad","1969","Voluntary acquisition of citizenship of a foreign state terminates Indian citizenship","Medium","Citizenship"
"IND-005","Constitution","Part III - Fundamental Rights","Article 12","Definition of State","In this Part, unless the context otherwise requires, 'the State' includes the Government and Parliament of India and the Government and the Legislature of each of the States and all local or other authorities within the territory of India or under the control of the Government of India","'State' for Fundamental Rights purposes includes not just Central and State governments but also local bodies, statutory corporations, government companies, and any authority exercising governmental functions. This broad definition ensures Fundamental Rights can be enforced against all arms of the state.","State,Fundamental Rights,Government,Authority,Enforcement","Ajay Hasia v. Khalid Mujib","1981","A body substantially financed and controlled by government is 'State' under Article 12","Pradeep Kumar Biswas v. Indian Institute of Chemical Biology","2002","Functional and financial test used to determine if an entity is 'State'","High","Fundamental Rights"
"IND-006","Constitution","Part III - Fundamental Rights","Article 13","Laws inconsistent with Fundamental Rights","All laws in force in the territory of India immediately before the commencement of this Constitution, in so far as they are inconsistent with the provisions of this Part, shall, to the extent of such inconsistency, be void","Any law (pre-constitutional or post-constitutional) that violates Fundamental Rights is void to the extent of inconsistency. Article 13 also includes ordinances, bye-laws, regulations, and notifications under its definition of 'law', ensuring comprehensive protection of Fundamental Rights.","Void,Inconsistency,Judicial Review,Law,Pre-constitutional Laws","Shankari Prasad v. Union of India","1951","Constitutional amendments are not 'law' under Article 13 and hence can abridge Fundamental Rights","Golak Nath v. State of Punjab","1967","Parliament cannot amend Fundamental Rights as amendments are 'law' under Article 13","High","Fundamental Rights"
"IND-007","Constitution","Part III - Fundamental Rights","Article 14","Right to Equality","The State shall not deny to any person equality before the law or the equal protection of the laws within the territory of India","Every person (citizen or non-citizen) is equal before the law and entitled to equal protection. Equality before law (British concept) means no one is above the law. Equal protection (American concept) means equals must be treated equally. Reasonable classification is permitted if based on intelligible differentia with rational nexus to the object.","Equality,Intelligible Differentia,Rational Nexus,Reasonable Classification,Rule of Law","E.P. Royappa v. State of Tamil Nadu","1974","Article 14 strikes at arbitrariness; equality and non-arbitrariness are twin facets","Maneka Gandhi v. Union of India","1978","Articles 14, 19, and 21 form a golden triangle; law must be non-arbitrary, fair and reasonable","High","Fundamental Rights - Right to Equality"
"IND-008","Constitution","Part III - Fundamental Rights","Article 15","Prohibition of discrimination","The State shall not discriminate against any citizen on grounds only of religion, race, caste, sex, place of birth or any of them","The State cannot discriminate against citizens on grounds of religion, race, caste, sex, or place of birth alone. However, special provisions for women, children (Clause 3), and socially/educationally backward classes or SC/STs (Clause 4 & 5) are permitted as exceptions.","Discrimination,Religion,Race,Caste,Sex,Place of Birth,Protective Discrimination","Navtej Singh Johar v. Union of India","2018","Section 377 IPC struck down; sexual orientation is a ground covered under Article 15","Naz Foundation v. Govt of NCT of Delhi","2009","Discrimination based on sexual orientation violates Article 15","High","Fundamental Rights - Right to Equality"
"IND-009","Constitution","Part III - Fundamental Rights","Article 16","Equality of opportunity in public employment","There shall be equality of opportunity for all citizens in matters relating to employment or appointment to any office under the State","Every citizen has equal opportunity for government jobs. The State can provide reservations for backward classes if they are not adequately represented. Clause 4A allows reservations in promotion for SC/STs. The creamy layer concept has been applied by courts to OBC reservations.","Public Employment,Reservation,Backward Classes,SC/ST,Creamy Layer,Promotion","Indra Sawhney v. Union of India","1992","50% cap on reservations upheld; creamy layer must be excluded; no reservation in promotion for OBCs","M. Nagaraj v. Union of India","2006","Parliament can provide reservations in promotion for SC/ST subject to quantifiable data on backwardness","High","Fundamental Rights - Right to Equality"
"IND-010","Constitution","Part III - Fundamental Rights","Article 17","Abolition of Untouchability","'Untouchability' is abolished and its practice in any form is forbidden. The enforcement of any disability arising out of 'Untouchability' shall be an offence punishable in accordance with law","Untouchability in any form is constitutionally abolished. This right is enforceable against private individuals too, not just the State. The Protection of Civil Rights Act 1955 and SC/ST (Prevention of Atrocities) Act 1989 enforce this article.","Untouchability,Social Discrimination,SC/ST Atrocities,Civil Rights,Social Justice","People's Union for Democratic Rights v. Union of India","1982","Article 17 is enforceable against private individuals as well as the state","Devarajiah v. Padmanna","1958","Article 17 is a blanket prohibition and applies to all forms of untouchability","High","Fundamental Rights - Right to Equality"
"IND-011","Constitution","Part III - Fundamental Rights","Article 19","Protection of certain rights regarding freedom of speech","All citizens shall have the right to freedom of speech and expression; to assemble peaceably and without arms; to form associations or unions; to move freely throughout the territory of India; to reside and settle in any part of India; and to practise any profession","Article 19 guarantees 6 freedoms (originally 7) to citizens only. Freedom of speech includes press freedom, right to information, commercial speech, and right to silence. Each freedom has reasonable restrictions under Clauses 2-6 such as sovereignty, public order, morality, and security.","Freedom of Speech,Press Freedom,Assembly,Association,Movement,Profession,Reasonable Restrictions","Romesh Thappar v. State of Madras","1950","Freedom of speech and press is the foundation of democratic governance","Shreya Singhal v. Union of India","2015","Section 66A IT Act struck down as unconstitutional for violating free speech","High","Fundamental Rights - Right to Freedom"
"IND-012","Constitution","Part III - Fundamental Rights","Article 21","Protection of life and personal liberty","No person shall be deprived of his life or personal liberty except according to procedure established by law","The most expansive Fundamental Right. 'Life' means much more than mere animal existence — it includes the right to livelihood, education, health, privacy, dignity, clean environment, speedy trial, legal aid, and many more. The procedure must be fair, just, and reasonable (not merely any procedure prescribed by law).","Right to Life,Personal Liberty,Due Process,Dignity,Privacy,Livelihood,Health","Maneka Gandhi v. Union of India","1978","Procedure under Article 21 must be fair, just and reasonable; not arbitrary or oppressive","K.S. Puttaswamy v. Union of India","2017","Right to Privacy is a Fundamental Right under Article 21","High","Fundamental Rights - Right to Life"
"IND-013","Constitution","Part III - Fundamental Rights","Article 21A","Right to Education","The State shall provide free and compulsory education to all children of the age of six to fourteen years in such manner as the State may, by law, determine","Inserted by 86th Constitutional Amendment 2002. Makes education a Fundamental Right for children aged 6-14. The Right to Education Act 2009 operationalises this right mandating 25% seats for disadvantaged children in private schools.","Right to Education,RTE Act,86th Amendment,Children,Free Education,Compulsory Education","Society for Unaided Private Schools of Rajasthan v. Union of India","2012","RTE Act 25% reservation for disadvantaged children in private schools is constitutional","Ashok Kumar Thakur v. Union of India","2008","Right to education must be real and effective, not illusory","High","Fundamental Rights - Right to Education"
"IND-014","Constitution","Part III - Fundamental Rights","Article 22","Protection against arrest and detention","No person who is arrested shall be detained in custody without being informed, as soon as may be, of the grounds for such arrest nor shall he be denied the right to consult, and to be defended by, a legal practitioner of his choice","Every arrested person has the right to be informed of grounds of arrest, consult a lawyer, and be produced before a magistrate within 24 hours. Preventive detention laws are an exception to these safeguards but have their own constitutional safeguards (maximum 3 months without Advisory Board approval).","Arrest,Detention,Magistrate,24 Hours,Legal Aid,Preventive Detention","D.K. Basu v. State of West Bengal","1997","Laid down detailed guidelines for arrest to prevent custodial violence","A.K. Gopalan v. State of Madras","1950","Preventive detention under law satisfying Article 22 safeguards is valid","High","Fundamental Rights - Right against Exploitation"
"IND-015","Constitution","Part III - Fundamental Rights","Article 23","Prohibition of traffic in human beings and forced labour","Traffic in human beings and begar and other similar forms of forced labour are prohibited and any contravention of this provision shall be an offence punishable in accordance with law","Human trafficking, begar (forced labour without payment), and bonded labour are constitutionally prohibited. Enforceable against private individuals too. The Bonded Labour System (Abolition) Act 1976 and Immoral Traffic (Prevention) Act 1956 operationalise this article.","Human Trafficking,Begar,Forced Labour,Bonded Labour,Exploitation","People's Union for Democratic Rights v. Union of India","1982","Payment below minimum wage constitutes forced labour under Article 23","Bandhua Mukti Morcha v. Union of India","1984","State has affirmative obligation to identify and release bonded labourers","High","Fundamental Rights - Right against Exploitation"
"IND-016","Constitution","Part III - Fundamental Rights","Article 24","Prohibition of employment of children in factories","No child below the age of fourteen years shall be employed to work in any factory or mine or engaged in any other hazardous employment","Children below 14 cannot be employed in factories, mines, or hazardous work. The Child Labour (Prohibition and Regulation) Amendment Act 2016 extended this to prohibit employment in all occupations for children below 14 and in hazardous occupations for children aged 14-18.","Child Labour,Factory,Mine,Hazardous Employment,Children Rights","M.C. Mehta v. State of Tamil Nadu","1996","Directions for rehabilitation of child labour and compulsory education","Bandhua Mukti Morcha v. Union of India","1984","Child labour is violative of Articles 24, 39(e), and 39(f)","High","Fundamental Rights - Right against Exploitation"
"IND-017","Constitution","Part III - Fundamental Rights","Article 25","Freedom of conscience and free profession of religion","Subject to public order, morality and health and to the other provisions of this Part, all persons are equally entitled to freedom of conscience and the right freely to profess, practise and propagate religion","Every person has the right to freely hold, practice, and propagate their religion. However, the state can regulate secular activities associated with religion, provide for social welfare, and reform Hindu institutions. The right to propagate does not include the right to convert by force or fraud.","Religion,Conscience,Propagation,Secular Activities,Religious Freedom","Stanislaus v. State of Madhya Pradesh","1977","Right to propagate religion does not include right to forcible or fraudulent conversion","Shirur Mutt Case (Commissioner v. LT Swamiar)","1954","Religion includes practices and rituals integral to religion; state cannot interfere with essential religious practices","High","Fundamental Rights - Right to Freedom of Religion"
"IND-018","Constitution","Part III - Fundamental Rights","Article 26","Freedom to manage religious affairs","Subject to public order, morality and health, every religious denomination or any section thereof shall have the right to establish and maintain institutions for religious and charitable purposes; to manage its own affairs in matters of religion","Every religious denomination can establish and manage its own religious institutions, manage religious affairs, own property, and administer it. But the State can regulate the secular activities of a religious institution.","Religious Denomination,Manage Affairs,Property,Administration","Shirur Mutt Case","1954","Religious denomination can manage its own affairs; state cannot interfere in essentially religious matters","Durgah Committee Ajmer v. Syed Hussain Ali","1961","Only essential religious practices are protected; mere superstitious practices are not","High","Fundamental Rights - Right to Freedom of Religion"
"IND-019","Constitution","Part III - Fundamental Rights","Article 29","Protection of interests of minorities","Any section of the citizens residing in the territory of India or any part thereof having a distinct language, script or culture of its own shall have the right to conserve the same","Any section of citizens with a distinct language, script, or culture can conserve it. No citizen can be denied admission to state-funded educational institutions on grounds of religion, race, caste, or language.","Minority,Language,Script,Culture,Conservation","T.M.A. Pai Foundation v. State of Karnataka","2002","Broad interpretation of minority rights; linguistic minorities also protected","State of Madras v. Champakam Dorairajan","1951","Led to First Constitutional Amendment adding Clause 4 to Article 15 for reservations in education","High","Fundamental Rights - Cultural and Educational Rights"
"IND-020","Constitution","Part III - Fundamental Rights","Article 30","Right of minorities to establish educational institutions","All minorities, whether based on religion or language, shall have the right to establish and maintain educational institutions of their choice","Religious and linguistic minorities can establish and administer their own educational institutions. The State cannot discriminate against minority institutions in granting aid. However, the State can impose reasonable regulations for ensuring educational standards.","Minority Educational Institutions,Religion,Language,Establish,Administer","T.M.A. Pai Foundation v. State of Karnataka","2002","National level minority status for religious minorities; state level for linguistic minorities; reasonable regulation permitted","P.A. Inamdar v. State of Maharashtra","2005","Minority institutions have right to admit students of their choice but must follow merit and transparency","High","Fundamental Rights - Cultural and Educational Rights"
"IND-021","Constitution","Part III - Fundamental Rights","Article 32","Right to Constitutional Remedies","The right to move the Supreme Court by appropriate proceedings for the enforcement of the rights conferred by this Part is guaranteed","Called the 'heart and soul' of the Constitution by Dr. Ambedkar. Every person can directly approach the Supreme Court if their Fundamental Rights are violated. The Supreme Court can issue writs — Habeas Corpus, Mandamus, Prohibition, Certiorari, and Quo Warranto.","Habeas Corpus,Mandamus,Prohibition,Certiorari,Quo Warranto,Supreme Court,Writ Jurisdiction","Romesh Thappar v. State of Madras","1950","Article 32 is the cornerstone of the Constitution and cannot be abrogated even by emergency","ADM Jabalpur v. Shivkant Shukla","1976","(Controversial) Right to move court suspended during emergency; later overruled by KS Puttaswamy","High","Fundamental Rights - Right to Constitutional Remedies"
"IND-022","Constitution","Part IV - Directive Principles","Article 36-51","Directive Principles of State Policy - Overview","The provisions contained in this Part shall not be enforceable by any court, but the principles therein laid down are nevertheless fundamental in the governance of the country and it shall be the duty of the State to apply these principles in making laws","DPSPs are non-justiciable guidelines to the State for governance. They aim to establish a welfare state. They can be classified into Socialistic (Articles 38, 39, 41, 42, 43, 47), Gandhian (Articles 40, 43, 43B, 46, 47, 48), and Liberal-Intellectual (Articles 44, 45, 48A, 49, 50, 51) categories.","DPSP,Welfare State,Non-Justiciable,Socialistic,Gandhian,Liberal","Minerva Mills v. Union of India","1980","Harmony between Fundamental Rights and DPSPs is part of the basic structure","State of Kerala v. N.M. Thomas","1976","DPSPs can be used to determine reasonableness of restrictions on Fundamental Rights","High","Directive Principles"
"IND-023","Constitution","Part IV - Directive Principles","Article 39","Certain principles of policy to be followed by State","The State shall, in particular, direct its policy towards securing that the citizens, men and women equally, have the right to an adequate means of livelihood; that the ownership and control of the material resources of the community are so distributed as best to subserve the common good","Key DPSP covering equal pay for equal work (Article 39(d)), equal right to livelihood, child protection from abuse (Article 39(e) & (f)), and equitable distribution of resources. Article 39B and 39C deal with distribution of material resources to prevent concentration of wealth.","Equal Pay,Livelihood,Material Resources,Child Protection,Wealth Distribution","Air India v. Nargesh Meerza","1981","Equal pay for equal work is a constitutional goal enforceable in service matters","State of Rajasthan v. Vidhyawati","1962","DPSPs must guide state policy in economic and social fields","High","Directive Principles"
"IND-024","Constitution","Part IV - Directive Principles","Article 44","Uniform Civil Code","The State shall endeavour to secure for the citizens a uniform civil code throughout the territory of India","A directive to the State to enact a common civil law (marriage, divorce, inheritance) applicable to all citizens regardless of religion. Currently different personal laws apply to different religious communities. Goa has a common civil code. The UCC debate involves balancing national unity with religious freedom.","Uniform Civil Code,UCC,Personal Law,Secularism,Gender Justice","Mohd. Ahmed Khan v. Shah Bano Begum","1985","Urged Parliament to enact UCC; Muslim women's right to maintenance highlighted","Sarla Mudgal v. Union of India","1995","Conversion to Islam for second marriage without divorce is void; UCC needed","High","Directive Principles"
"IND-025","Constitution","Part IV - Directive Principles","Article 48A","Protection and improvement of environment","The State shall endeavour to protect and improve the environment and to safeguard the forests and wild life of the country","Inserted by 42nd Amendment 1976. Imposes duty on the State to protect the environment, forests, and wildlife. This article along with Article 51A(g) (citizens' duty to protect environment) forms the constitutional basis for environmental jurisprudence in India.","Environment,Forest,Wildlife,42nd Amendment,Ecological Balance","M.C. Mehta v. Union of India (Ganga Pollution)","1988","Polluter Pays Principle and right to clean environment derived from Articles 21 and 48A","Vellore Citizens Welfare Forum v. Union of India","1996","Precautionary Principle and Sustainable Development are part of environmental law","High","Directive Principles - Environment"
"IND-026","Constitution","Part IVA - Fundamental Duties","Article 51A","Fundamental Duties","It shall be the duty of every citizen of India to abide by the Constitution and respect its ideals and institutions, the national Flag and the National Anthem; to cherish and follow the noble ideals which inspired our national struggle for freedom...","Added by 42nd Amendment 1976 on Swaran Singh Committee recommendations. Originally 10 duties, 11th added by 86th Amendment 2002 (duty of parents to provide education to children aged 6-14). Non-justiciable but courts use them to uphold laws and determine reasonableness of restrictions.","Fundamental Duties,42nd Amendment,Swaran Singh Committee,Non-Justiciable,Citizens Duty","Bijoe Emmanuel v. State of Kerala","1986","Fundamental Duties cannot be enforced to compel citizens to sing national anthem","AIIMS Students' Union v. AIIMS","2001","Fundamental Duties can be used to resolve conflicts between competing rights","High","Fundamental Duties"
"IND-027","Constitution","Part V - The Union","Article 52","The President of India","There shall be a President of India","The President is the constitutional head of India and the first citizen. All executive powers are formally vested in the President but are exercised on the aid and advice of the Council of Ministers headed by the Prime Minister. The President acts as a constitutional figurehead in India's parliamentary democracy.","President,Constitutional Head,Executive Power,Parliamentary Democracy","Ram Jawaya Kapur v. State of Punjab","1955","Executive powers of the Union are vested in the President but exercised through Council of Ministers","Shamsher Singh v. State of Punjab","1974","President must act on the advice of the Council of Ministers in all matters","High","Union Executive"
"IND-028","Constitution","Part V - The Union","Article 72","Pardoning Powers of President","The President shall have the power to grant pardons, reprieves, respites or remissions of punishment or to suspend, remit or commute the sentence of any person convicted of any offence in all cases where the punishment or sentence is a punishment or sentence of death","The President can pardon (completely absolve), commute (reduce severity), reprieve (postpone), or remit (reduce period of) punishment. This power is exercised on the advice of the Council of Ministers. It extends to death sentences, court martial sentences, and offences against Union laws.","Pardon,Reprieve,Remission,Commutation,Death Sentence,Mercy Petition","Epuru Sudhakar v. Govt of AP","2006","Pardoning power is subject to judicial review if exercised arbitrarily, mala fide or without application of mind","Maru Ram v. Union of India","1980","President must act on Council of Ministers' advice in pardoning; power is not absolute","High","Union Executive"
"IND-029","Constitution","Part V - The Union","Article 74","Council of Ministers to aid and advise President","There shall be a Council of Ministers with the Prime Minister at the head to aid and advise the President who shall, in the exercise of his functions, act in accordance with such advice: Provided that the President may require the Council of Ministers to reconsider such advice and the President shall act in accordance with the advice tendered after such reconsideration","The Council of Ministers headed by the PM is the real executive. The President must act on their advice. By 44th Amendment, the President can return the advice once for reconsideration but must accept the reconsidered advice. This establishes Cabinet government and collective responsibility.","Council of Ministers,Prime Minister,Aid and Advice,44th Amendment,Cabinet Responsibility","U.N.R. Rao v. Indira Gandhi","1971","Council of Ministers can continue in office in caretaker capacity after dissolution of Lok Sabha","S.R. Bommai v. Union of India","1994","Floor of the House is the only place to test majority; President cannot act on subjective satisfaction without objective material","High","Union Executive"
"IND-030","Constitution","Part V - The Union","Article 76","Attorney General for India","The President shall appoint a person who is qualified to be appointed a Judge of the Supreme Court to be Attorney General for India","The Attorney General is the chief legal adviser to the Government of India. Appointed by the President and holds office during the President's pleasure. Has right of audience in all courts in India. Does not hold a government office — is not a full-time government servant and can practice privately.","Attorney General,Legal Adviser,Union Government,Supreme Court","Additional District Magistrate v. S.S. Shukla","1976","Attorney General's role in representing the Union government before courts","Union of India v. Association for Democratic Reforms","2002","Attorney General's arguments on government's behalf do not bind courts on constitutional matters","Medium","Union Executive"
"IND-031","Constitution","Part V - The Union","Article 79","Constitution of Parliament","There shall be a Parliament for the Union which shall consist of the President and two Houses to be known respectively as the Council of States and the House of the People","The Indian Parliament has three components: the President, Rajya Sabha (Council of States — upper house), and Lok Sabha (House of the People — lower house). The President is an integral part of Parliament though not a member of either house.","Parliament,Rajya Sabha,Lok Sabha,Bicameral,President","Special Reference No. 1 of 2002","2002","Parliamentary privileges and the relationship between Parliament and courts","Raja Ram Pal v. Speaker Lok Sabha","2007","Parliament's power to expel members is subject to judicial review in cases of violation of constitutional provisions","High","Parliament"
"IND-032","Constitution","Part V - The Union","Article 110","Definition of Money Bills","A Bill shall be deemed to be a Money Bill if it contains only provisions dealing with all or any of the following matters, namely— (a) the imposition, abolition, remission, alteration or regulation of any tax","Money Bills can only be introduced in Lok Sabha. Rajya Sabha can only suggest amendments (not compulsory) within 14 days. If Rajya Sabha doesn't act within 14 days, the bill is deemed passed. The Speaker's certification that a bill is a Money Bill is final.","Money Bill,Lok Sabha,Rajya Sabha,Speaker,Financial Legislation","Mohd. Saeed Siddiqui v. State of Uttar Pradesh","2014","Money Bill certification by Speaker is final and cannot be questioned in courts","Rojer Mathew v. South Indian Bank Ltd","2019","Aadhaar Act unconstitutionally passed as Money Bill; referred to larger bench","High","Parliament - Legislative Process"
"IND-033","Constitution","Part V - The Union","Article 123","Power of President to promulgate Ordinances","If at any time, except when both Houses of Parliament are in session, the President is satisfied that circumstances exist which render it necessary for him to take immediate action, he may promulgate such Ordinances as the circumstances appear to him to require","When Parliament is not in session, the President can issue Ordinances which have the same force as Parliament-enacted laws. Ordinances must be approved by Parliament within 6 weeks of reassembly, else they lapse. An Ordinance cannot be used to amend the Constitution.","Ordinance,Legislative Power,Parliamentary Recess,Immediate Action","D.C. Wadhwa v. State of Bihar","1987","Promulgating Ordinances repeatedly to avoid parliamentary scrutiny is unconstitutional","Krishna Kumar Singh v. State of Bihar","2017","Ordinance-making power is a conditional power; satisfaction of President is subject to judicial review","High","Executive Legislative Powers"
"IND-034","Constitution","Part V - The Union","Article 124","Establishment and constitution of Supreme Court","There shall be a Supreme Court of India consisting of a Chief Justice of India and, until Parliament by law prescribes a larger number, of not more than seven other Judges","The Supreme Court is the apex court and final interpreter of the Constitution. Judges are appointed by the President after consultation with the Chief Justice. The collegium system (evolved through NJAC judgment) governs judicial appointments. Judges hold office till age 65.","Supreme Court,Chief Justice,Judicial Appointments,Collegium,Independence of Judiciary","S.P. Gupta v. Union of India","1981","First Judges Case: consultation with CJI not binding on government","Supreme Court Advocates on Record Association v. Union of India","1993","Second Judges Case: collegium system established; CJI's opinion is primacy","High","Judiciary"
"IND-035","Constitution","Part V - The Union","Article 143","Power of President to consult Supreme Court","If at any time it appears to the President that a question of law or fact has arisen, or is likely to arise, which is of such a nature and of such public importance that it is expedient to obtain the opinion of the Supreme Court upon it, he may refer the question to that Court for consideration","The President can seek advisory opinion from the Supreme Court on questions of law or fact of public importance. The Supreme Court may decline to give opinion. This opinion is not binding on either the President or the courts.","Advisory Opinion,Presidential Reference,Supreme Court,Public Importance","In re the Delhi Laws Act","1951","Extensive use of Article 143 to clarify distribution of legislative powers","Special Reference No. 1 of 2012","2012","Presidential reference on election of Vice-President and procedures","Medium","Judiciary"
"IND-036","Constitution","Part VI - The States","Article 153","Governors of States","There shall be a Governor for each State: Provided that nothing in this article shall prevent the appointment of the same person as Governor for two or more States","The Governor is the constitutional head of a State equivalent to the President at the Centre. Appointed by the President (effectively by the Central government). Holds office at President's pleasure. All executive actions of the state are taken in the Governor's name.","Governor,State Executive,Presidential Appointment,Constitutional Head","B.P. Singhal v. Union of India","2010","Governor can be removed but only for valid reasons; pleasure doctrine not absolute","Rameshwar Prasad v. Union of India","2006","Governor's report to President recommending President's Rule must be bona fide and based on objective material","High","State Executive"
"IND-037","Constitution","Part VI - The States","Article 163","Council of Ministers to aid and advise Governor","There shall be a Council of Ministers with the Chief Minister at the head to aid and advise the Governor in the exercise of his functions, except in so far as he is by or under this Constitution required to act in his discretion","Similar to Article 74, the Governor must act on the CM-headed council's advice except in matters of discretion (reserving bills, reporting on breakdown of constitutional machinery, appointing CM when no clear majority). Discretionary powers are to be exercised carefully.","Council of Ministers,Chief Minister,Governor,Discretion,State Government","Nabam Rebia v. Deputy Speaker","2016","Governor's discretionary powers must be exercised within constitutional bounds","Rameshwar Prasad v. Union of India","2006","Governor cannot arbitrarily refuse to invite the leader of the largest party to form government","High","State Executive"
"IND-038","Constitution","Part VI - The States","Article 200","Assent to Bills by Governor","When a Bill has been passed by the Legislative Assembly of a State, it shall be presented to the Governor and the Governor shall declare either that he assents to the Bill, or that he withholds assent therefrom, or that he reserves the Bill for the consideration of the President","The Governor can assent, withhold assent, return a non-money bill for reconsideration once, or reserve the bill for President's consideration. The concept of 'pocket veto' (indefinitely withholding assent) has been a constitutional controversy.","Assent,Governor,Reserve,President,State Legislation","In re Article 200 of the Constitution","2023","SC held Governors cannot indefinitely withhold assent; must act within reasonable time","State of Punjab v. Principal Secretary to Governor of Punjab","2023","Governor's withholding of assent indefinitely amounts to unconstitutional pocket veto","High","State Legislature"
"IND-039","Constitution","Part XI - Relations between Union and States","Article 245","Extent of laws made by Parliament and by Legislatures of States","Subject to the provisions of this Constitution, Parliament may make laws for the whole or any part of the territory of India, and the Legislature of a State may make laws for the whole or any part of the State","Parliament can make laws for the entire country; State legislatures can make laws only for their state. Parliament can also make laws for areas not covered by any state (e.g., Union Territories, international waters).","Legislative Jurisdiction,Parliament,State Legislature,Territorial Extent","GVK Industries v. Income Tax Officer","2011","Parliament's power to make extraterritorial laws is not unlimited; must have nexus with India","State of Bombay v. F.N. Balsara","1951","Legislative competence determined by pith and substance of the law","High","Centre-State Relations"
"IND-040","Constitution","Part XI - Relations between Union and States","Article 262","Adjudication of disputes relating to waters of inter-State rivers","Parliament may by law provide for the adjudication of any dispute or complaint with respect to the use, distribution or control of the waters of, or in, any inter-State river or river valley","Parliament can by law exclude the jurisdiction of the Supreme Court and all other courts in inter-state water disputes. The Inter-State River Water Disputes Act 1956 operationalises this. Tribunals like Cauvery, Krishna, Ravi-Beas Tribunals are constituted under this provision.","Inter-State River,Water Disputes,Tribunal,River Water Sharing","State of Karnataka v. State of Andhra Pradesh","2000","Water disputes can only be resolved through statutory tribunal, not Supreme Court directly","Cauvery Water Disputes Tribunal","2018","Supreme Court upheld tribunal allocation between Karnataka and Tamil Nadu","High","Centre-State Relations"
"IND-041","Constitution","Part XII - Finance","Article 280","Finance Commission","The President shall, within two years from the commencement of this Constitution and thereafter at the expiration of every fifth year or at such earlier time as the President considers necessary, by order constitute a Finance Commission","The Finance Commission is a constitutional body constituted every 5 years to recommend the distribution of tax revenues between the Centre and States (vertical devolution) and among States (horizontal devolution). Also recommends grants-in-aid. 16th Finance Commission is currently constituted.","Finance Commission,Devolution,Tax Revenue,Grants,Fiscal Federalism","State of Kerala v. Union of India","1961","Finance Commission recommendations are not binding but are persuasive on the government","West Bengal v. Union of India","1962","Centre-State financial relations are governed by constitutional provisions and Finance Commission recommendations","High","Finance and Property"
"IND-042","Constitution","Part XVIII - Emergency Provisions","Article 352","Proclamation of Emergency","If the President is satisfied that a grave emergency exists whereby the security of India or of any part of the territory thereof is threatened, whether by war or external aggression or armed rebellion, he may, by Proclamation, make a declaration to that effect","National Emergency can be proclaimed when India's security is threatened by war, external aggression, or armed rebellion. Post-44th Amendment: Cabinet must recommend in writing; Lok Sabha can revoke by simple majority; must be approved by 2/3 special majority of Parliament every 6 months.","National Emergency,Article 352,Armed Rebellion,War,44th Amendment,Cabinet Recommendation","Minerva Mills v. Union of India","1980","Emergency provisions subject to judicial review; Parliament cannot use emergency to abrogate basic structure","ADM Jabalpur v. Shivkant Shukla","1976","(Controversial) Fundamental Rights suspended during emergency — largely overruled","High","Emergency Provisions"
"IND-043","Constitution","Part XVIII - Emergency Provisions","Article 356","Provisions in case of failure of constitutional machinery in State","If the President, on receipt of a report from the Governor of a State or otherwise, is satisfied that the government of the State cannot be carried on in accordance with the provisions of this Constitution, the President may by Proclamation assume to himself all or any of the functions of the Government of that State","President's Rule imposed when a State's constitutional machinery fails. Governor's report is the basis. After 44th Amendment, must be approved by Parliament every 6 months (max 3 years). Post-S.R. Bommai judgment, it is subject to judicial review and the floor test.","President's Rule,Article 356,Governor's Report,State Emergency,44th Amendment","S.R. Bommai v. Union of India","1994","President's Rule subject to judicial review; imposed only when floor test proves loss of majority","Rameshwar Prasad v. Union of India","2006","President's Rule in Bihar was unconstitutional as it was imposed to prevent majority party from forming government","High","Emergency Provisions"
"IND-044","Constitution","Part XX - Amendment","Article 368","Power of Parliament to amend the Constitution and procedure therefor","Notwithstanding anything in this Constitution, Parliament may in exercise of its constituent power amend by way of addition, variation or repeal any provision of this Constitution in accordance with the procedure laid down in this Article","Parliament can amend the Constitution by special majority (2/3 of members present and voting + more than 50% of total membership). Some provisions also require ratification by half the state legislatures. But the basic structure of the Constitution cannot be amended.","Constitutional Amendment,Special Majority,Basic Structure,Constituent Power,State Ratification","Kesavananda Bharati v. State of Kerala","1973","Parliament cannot amend the basic structure of the Constitution","Minerva Mills v. Union of India","1980","Clauses 4 and 5 inserted in Article 368 by 42nd Amendment struck down for destroying basic structure","High","Constitutional Amendment"
"IND-045","Constitutional Amendment","Amendments","1st Amendment Act 1951","First Constitutional Amendment","Added Ninth Schedule to protect land reform laws from judicial review; added reasonable restrictions to Article 19; inserted Articles 31A and 31B","The very first amendment was passed to overcome Supreme Court judgments that struck down land reform legislation. It created the controversial Ninth Schedule — a 'protected zone' for laws where courts cannot strike them down for violating Fundamental Rights. Also added protective discrimination clause (Article 15(4)) in education.","Ninth Schedule,Land Reform,Protective Discrimination,Judicial Review,Fundamental Rights","I.R. Coelho v. State of Tamil Nadu","2007","Laws placed in Ninth Schedule after April 1973 are subject to judicial review if they violate basic structure","Shankari Prasad v. Union of India","1951","Constitutional amendments are not 'law' and hence not subject to Article 13","High","Constitutional Amendments"
"IND-046","Constitutional Amendment","Amendments","42nd Amendment Act 1976","Mini Constitution — 42nd Amendment","The most sweeping amendment passed during the Emergency. Added Fundamental Duties, DPSPs got precedence over Fundamental Rights, word 'Socialist' and 'Secular' added to Preamble, courts' jurisdiction restricted, Parliament's power to amend made unlimited","Called the 'Mini Constitution', it was passed during the Internal Emergency and made radical changes. Many provisions were later struck down by the Supreme Court in Minerva Mills (1980). It represents a period of constitutional stress and the danger of parliamentary overreach.","42nd Amendment,Emergency,Mini Constitution,Preamble,Socialist,Secular,Fundamental Duties","Minerva Mills v. Union of India","1980","Several provisions of 42nd Amendment struck down for destroying balance between Fundamental Rights and DPSPs","Indira Gandhi v. Raj Narain","1975","42nd Amendment was fallout of this case where PM's election was set aside by Allahabad HC","High","Constitutional Amendments"
"IND-047","Constitutional Amendment","Amendments","44th Amendment Act 1978","Restoration of Democratic Values — 44th Amendment","Reversed several Emergency-era changes: restored right to property as legal right (not Fundamental Right), required Cabinet's written advice before Presidential Emergency proclamation, restored right to life and personal liberty even during emergency, reduced term of Lok Sabha back to 5 years","Passed after the Emergency by the Janata government to undo the damage of the 42nd Amendment. Made Article 21 non-suspendable during emergency — a direct reversal of ADM Jabalpur. Removed right to property from Fundamental Rights and made it a constitutional right under Article 300A.","44th Amendment,Right to Property,Emergency Safeguards,Janata Government,Article 300A","Minerva Mills v. Union of India","1980","44th Amendment and its restorations of democratic balance upheld","People's Union for Civil Liberties v. Union of India","1997","Article 21's non-suspendability during emergency is a key democratic safeguard","High","Constitutional Amendments"
"IND-048","Constitutional Amendment","Amendments","73rd Amendment Act 1992","Panchayati Raj — 73rd Amendment","Added Part IX to the Constitution establishing a three-tier Panchayati Raj system (Gram Panchayat, Panchayat Samiti, Zila Parishad); mandated elections every 5 years; reserved 1/3 seats for women; created State Finance Commission and State Election Commission","Constitutionalised local self-government. Made elections to Panchayats mandatory with a 5-year term. Reserved seats for SC/ST proportional to population and 1/3 for women. Created parallel constitutional bodies — State Finance Commission (financial devolution) and State Election Commission (free elections).","73rd Amendment,Panchayati Raj,Local Self Government,Women Reservation,SC ST Reservation,State Finance Commission,State Election Commission","State of Bihar v. Bal Mukund Shah","2000","Panchayats have constitutional status but their powers come from state legislation","K. Krishna Murthy v. Union of India","2010","Reservation for backward classes in Panchayat elections valid under Article 243D","High","Constitutional Amendments - Local Government"
"IND-049","Constitutional Amendment","Amendments","74th Amendment Act 1992","Municipalities — 74th Amendment","Added Part IX-A to the Constitution establishing Urban Local Bodies; created 18 functional categories (12th Schedule) for municipalities; mandated State Election Commissions; reserved seats for women and backward classes in municipalities","Constitutionalised urban local self-government. Created Ward Committees for areas with 3 lakh or more population. Listed 18 functions in the 12th Schedule for municipalities including urban planning, regulation of land use, public health, and poverty alleviation.","74th Amendment,Urban Local Bodies,Municipalities,Ward Committees,12th Schedule,Urban Planning","Ahmedabad Municipal Corporation v. Nawab Khan Gulab Khan","1997","Municipalities have constitutional responsibility for urban governance but State can define scope","Delhi Municipal Corporation v. Shibu Nath Brahmin","2003","Functional autonomy of municipalities upheld within the framework of state law","High","Constitutional Amendments - Local Government"
"IND-050","Constitutional Amendment","Amendments","86th Amendment Act 2002","Right to Education — 86th Amendment","Inserted Article 21A (free and compulsory education for 6-14 years as Fundamental Right); amended Article 45 (DPSP for early childhood care); added Fundamental Duty under Article 51A(k) for parents to provide education to children","Made elementary education a Fundamental Right. Implemented through the Right to Education Act 2009 (RTE). The 25% reservation for disadvantaged children in private schools (Section 12(1)(c) of RTE) was upheld by the Supreme Court in 2012. Children below 6 are covered under the amended DPSP in Article 45.","86th Amendment,Right to Education,RTE Act,21A,Free Education,Fundamental Duty","Society for Unaided Private Schools v. Union of India","2012","25% RTE reservation in private unaided schools is constitutionally valid","Ashok Kumar Thakur v. Union of India","2008","RTE Act is constitutionally valid and implements Article 21A effectively","High","Constitutional Amendments - Education"
"IND-051","Statute","Major Central Legislations","RTI Act 2005","Right to Information Act 2005","Every citizen shall have the right to information and this Act may be called the Right to Information Act, 2005. The object of this Act is to empower the citizens, promote transparency and accountability in the working of the Government","Citizens can seek information from public authorities within 30 days (48 hours for life/liberty matters). Public authorities must maintain records and appoint Public Information Officers. Central and State Information Commissions adjudicate appeals. Exempt: national security, intelligence, Cabinet discussions, personal information.","RTI,Transparency,Public Information Officer,Central Information Commission,Exemptions,30 Days","CBSE v. Aditya Bandopadhyay","2011","RTI Act must be used to promote transparency; information that cannot be denied should not be denied","Girish Ramchandra Deshpande v. Central Information Commission","2012","Personal information of public servants related to their public duties is disclosable under RTI","High","Statutory Laws - Governance"
"IND-052","Statute","Major Central Legislations","IPC 1860","Indian Penal Code 1860 (now BNS 2023)","Every person shall be liable to punishment under this Code and not otherwise for every act or omission contrary to the provisions thereof, of which he shall be guilty within India","The IPC 1860 (now replaced by Bharatiya Nyaya Sanhita 2023 from July 2024) was the main criminal code of India. Defined offences from petty crimes to serious ones. Key chapters: General Exceptions (Chapter IV), Abetment (Chapter V), Sedition (Section 124A — struck down), Murder and Culpable Homicide, Rape, Theft, Cheating.","IPC,BNS,Criminal Law,Murder,Culpable Homicide,Sedition,General Exceptions","K.M. Nanavati v. State of Maharashtra","1962","Landmark murder case; distinguished culpable homicide from murder","S. Khushboo v. Kanniammal","2010","Criminal law cannot be used to stifle free speech on moral issues","High","Statutory Laws - Criminal"
"IND-053","Statute","Major Central Legislations","CrPC 1973 / BNSS 2023","Code of Criminal Procedure 1973 (now BNSS 2023)","The Code provides for the mechanism for enforcement of criminal law. It lays down the procedural framework for investigation, trial, and sentencing.","CrPC 1973 (replaced by Bharatiya Nagarik Suraksha Sanhita 2023 from July 2024) provides the procedure for criminal cases. Key provisions: FIR (Section 154), Bail (Sections 436-439), Charge Sheet (Section 173), Plea Bargaining (Chapter XXI-A), Anticipatory Bail (Section 438), 0-day detention limit.","CrPC,BNSS,FIR,Bail,Anticipatory Bail,Charge Sheet,Trial,Criminal Procedure","Arnab Manoranjan Goswami v. State of Maharashtra","2020","Liberty under Article 21 and bail provisions must be interpreted broadly","Satender Kumar Antil v. CBI","2022","Default bail right is inviolable; courts must grant bail if charge sheet not filed in time","High","Statutory Laws - Criminal Procedure"
"IND-054","Statute","Major Central Legislations","Constitution of India Schedule VII","Seventh Schedule — Legislative Lists","The Seventh Schedule contains three Lists: Union List (List I - 98 subjects), State List (List II - 59 subjects), and Concurrent List (List III - 52 subjects) dividing legislative subjects between Parliament and State Legislatures","The Union List has subjects of national importance (defence, banking, foreign affairs, atomic energy). The State List has local subjects (police, agriculture, land). The Concurrent List has subjects where both can legislate but Centre prevails in case of conflict (under Article 254). Residuary power with Parliament.","Union List,State List,Concurrent List,Legislative Subjects,Residuary Power,Article 254","M. Karunanidhi v. Union of India","1979","Repugnancy between Centre and State laws resolved by Article 254; Presidential assent to State law protects it","State of Rajasthan v. G. Chawla","1959","Pith and substance doctrine used to determine which list a law falls in","High","Centre-State Legislative Relations"
"IND-055","Statute","Major Central Legislations","GST Constitutional Amendment 101st","101st Constitutional Amendment Act 2016 — GST","Parliament may, by law, on the recommendation of the Goods and Services Tax Council, provide for compensation to the States for loss of revenue arising on account of implementation of the goods and services tax","The 101st Amendment inserted Articles 246A, 269A, and 279A to implement GST. Article 246A gives both Parliament and State legislatures concurrent power to tax goods and services. The GST Council (Article 279A) with Union and State finance ministers determines GST rates. Abolished CST, Service Tax, VAT, etc.","GST,101st Amendment,GST Council,Indirect Tax,One Nation One Tax,Article 246A","Union of India v. Mohit Mineral Pvt Ltd","2022","GST Council recommendations are not binding; Centre and States retain legislative autonomy under Article 246A","Unicorn Industries v. Union of India","2019","GST structure does not violate fiscal federalism","High","Statutory Laws - Taxation"
"IND-056","Statute","Major Central Legislations","Forest Rights Act 2006","Scheduled Tribes and Other Traditional Forest Dwellers (Recognition of Forest Rights) Act 2006","The Act recognises and vests the forest rights and occupation in forest land in forest dwelling Scheduled Tribes and other traditional forest dwellers who have been residing in such forests for generations but whose rights could not be recorded","Recognizes pre-existing rights of STs and other traditional forest dwellers over forest land they have been using. Rights include right to live, cultivate, use minor forest produce, protect community forest resources. Gram Sabha is the key authority for recognizing rights. Overcomes colonial-era forest laws.","Forest Rights,Tribal Rights,Gram Sabha,Minor Forest Produce,Traditional Forest Dwellers","Orissa Mining Corporation v. Ministry of Environment & Forest","2013","Mining in scheduled areas requires Gram Sabha consent under Forest Rights Act","Wildlife First & Ors v. Ministry of Forest & Climate Change","2019","SC stayed evictions of forest dwellers pending rejection of forest rights claims by states","High","Statutory Laws - Environment and Tribal Rights"
"IND-057","Statute","Major Central Legislations","POCSO Act 2012","Protection of Children from Sexual Offences Act 2012","The Act was enacted to protect children from offences of sexual assault, sexual harassment and pornography and provide for establishment of Special Courts for trial of such offences","POCSO protects children (below 18) from sexual offences. Defines aggravated sexual assault, sexual harassment, and use of children in pornography. Mandates Special Courts for speedy trial. Creates obligation to report child sexual abuse. Child-friendly procedures for victim testimony. Strict punishments.","POCSO,Child Sexual Abuse,Special Court,Mandatory Reporting,Child Victim,Child Protection","Alakh Alok Srivastava v. Union of India","2018","Supreme Court suo motu directed expeditious POCSO trials and monitoring","State of Maharashtra v. Bhikhari Paswan","2021","POCSO must be interpreted broadly to protect all children regardless of gender","High","Statutory Laws - Child Protection"
"IND-058","Statute","Major Central Legislations","Environment Protection Act 1986","Environment (Protection) Act 1986","The Central Government shall have the power to take all such measures as it deems necessary or expedient for the purpose of protecting and improving the quality of the environment and preventing, controlling and abating environmental pollution","Umbrella legislation for environmental protection enacted after Bhopal Gas Tragedy. Empowers the Centre to set environmental standards, conduct inspections, and close polluting industries. EIA (Environmental Impact Assessment) notifications are issued under this Act. Also source of Polluter Pays and Precautionary Principles.","Environment Protection,Pollution Control,EIA,Bhopal,Polluter Pays,Precautionary Principle","M.C. Mehta v. Union of India","1987","Absolute Liability principle — industries engaged in hazardous activities absolutely liable for harm caused","Vellore Citizens Welfare Forum v. Union of India","1996","Precautionary Principle and Polluter Pays Principle are part of Indian environmental law","High","Statutory Laws - Environment"
"IND-059","Statute","Major Central Legislations","PESA Act 1996","Panchayats (Extension to Scheduled Areas) Act 1996","The Act extends the provisions of Part IX of the Constitution relating to Panchayats to the Scheduled Areas with certain modifications and exceptions","PESA extends Panchayati Raj to Fifth Schedule (tribal) areas with special protections for tribal autonomy. Gram Sabha has primacy in tribal areas — must be consulted for land acquisition, minor forest produce management, and social sector schemes. Intended to prevent exploitation and protect tribal customs.","PESA,Scheduled Areas,Fifth Schedule,Tribal,Gram Sabha,Traditional Rights,Land Acquisition","Samantha v. State of AP","1997","Tribal land cannot be leased to non-tribal private companies even for industry; government is trustee of tribal land","Nandini Sundar v. State of Chhattisgarh","2011","State cannot use tribal vigilantes (Salwa Judum); PESA and Fifth Schedule must be respected","High","Statutory Laws - Tribal Governance"
"IND-060","Statute","Major Central Legislations","Representation of People Act 1951","Representation of the People Act 1951","The qualifications and disqualifications for membership of Parliament and State Legislatures and the corrupt practices and other offences at or in connection with such elections shall be as provided by or under any law made by Parliament","Governs elections, electoral rolls, qualifications/disqualifications of candidates, and election disputes. Key sections: Section 8 (disqualification on conviction), Section 123 (corrupt practices), Section 33A (disclosure of criminal antecedents). Under Article 102/191, disqualification includes office of profit, unsound mind, citizenship, etc.","RPA 1951,Election Law,Corrupt Practices,Disqualification,Electoral Roll,Dispute Resolution","Association for Democratic Reforms v. Union of India","2002","Candidates must disclose criminal antecedents, assets, and educational qualifications","Public Interest Foundation v. Union of India","2018","Parliament must consider passing law to permanently bar convicted persons from elections","High","Statutory Laws - Elections"
"IND-061","Statute","Major Central Legislations","Anti-Defection Law 10th Schedule","Tenth Schedule — Anti-Defection Law","A member of a House belonging to any political party shall be disqualified for being a member of the House if he has voluntarily given up his membership of such political party","Added by 52nd Amendment 1985 to prevent political defections. A legislator is disqualified if they voluntarily give up party membership or vote against party whip without permission. Merger of 2/3 members (post-91st Amendment 2003) into another party is not a defection. Speaker/Chairman decides disqualification but this is subject to judicial review.","Anti-Defection,10th Schedule,Whip,Voluntary Giving Up,Merger,Speaker,Disqualification","Kihoto Hollohan v. Zachillhu","1992","10th Schedule is constitutional; Speaker's decision is subject to judicial review","Nabam Rebia v. Deputy Speaker Arunachal Pradesh","2016","Speaker cannot decide disqualification petitions while facing a no-confidence motion","High","Parliament - Anti-Defection"
"IND-062","Statute","Major Central Legislations","National Green Tribunal Act 2010","National Green Tribunal Act 2010","There shall be established, by the Central Government, by notification, a tribunal to be known as the National Green Tribunal for the effective and expeditious disposal of cases relating to environmental protection and conservation of forests and other natural resources","NGT is a specialized quasi-judicial body for environmental disputes. Has original jurisdiction for substantial questions relating to environment. Can award compensation and give relief in cases of environmental damage. Applies the Precautionary and Polluter Pays Principles. Benches at major cities.","NGT,National Green Tribunal,Environmental Disputes,Compensation,Precautionary Principle,Specialized Tribunal","Braj Foundation v. State of UP","2017","NGT has jurisdiction over all environmental matters; cannot be ousted by state legislation","M.K. Ranjitsinh v. Union of India","2021","NGT should be strengthened for effective environmental justice; SC expanded scope of climate rights","High","Statutory Laws - Environment"
"IND-063","Statute","Major Central Legislations","IBC 2016","Insolvency and Bankruptcy Code 2016","The Code provides for reorganisation and insolvency resolution of corporate persons, partnership firms and individuals in a time bound manner for maximisation of value of assets of such persons","IBC provides for corporate insolvency resolution within 180+90 days through Committee of Creditors. Liquidation if resolution fails. National Company Law Tribunal (NCLT) adjudicates corporate insolvency. Debt Recovery Tribunal (DRT) for individuals. Resolution applicant submits plan approved by 66% of Committee of Creditors.","IBC,Insolvency,Bankruptcy,NCLT,CIRP,Committee of Creditors,Resolution Plan","Swiss Ribbons Pvt Ltd v. Union of India","2019","IBC's classification of financial and operational creditors is constitutionally valid","Committee of Creditors of Essar Steel v. Satish Kumar Gupta","2019","Resolution plan must equitably distribute value; NCLT cannot rewrite commercial decision of Committee of Creditors","High","Statutory Laws - Commercial"
"IND-064","Statute","Major Central Legislations","NDMA Act 2005","Disaster Management Act 2005","For the purpose of this Act, 'disaster' means a catastrophe, mishap, calamity or grave occurrence in any area, arising from natural or man-made causes, or by accident or negligence which results in substantial loss of life or human suffering or damage to, and destruction of, property","Established the National Disaster Management Authority (NDMA) chaired by the Prime Minister. Created the institutional framework for disaster preparedness, response, and mitigation. State Disaster Management Authorities and District Disaster Management Authorities form the three-tier structure. NDRF is the dedicated disaster response force.","NDMA,Disaster Management,DM Act,NDRF,State SDMA,National Disaster","Re: Cognizance for Extension of Limitation (COVID-19)","2020","NDMA Act invoked during COVID-19 to extend limitation periods; force majeure provisions recognized","Gaurav Kumar Bansal v. Union of India","2021","NDMA must use its powers to ensure equitable access to oxygen and COVID-19 relief","High","Statutory Laws - Disaster Management"
"IND-065","Constitutional Doctrine","Basic Structure","Doctrine Overview","Basic Structure Doctrine","Parliament's amending power under Article 368, though wide, cannot be used to damage or destroy the basic structure or essential features of the Constitution. These basic features include supremacy of the Constitution, republican and democratic form of government, secular character, separation of powers, and federal character.","The Basic Structure Doctrine, evolved in Kesavananda Bharati (1973), limits Parliament's power to amend the Constitution. Neither Parliament nor State legislatures can abridge, alter or destroy the basic structure. It is a judge-made doctrine not found in the text of the Constitution. It protects democracy from constitutional authoritarianism.","Basic Structure,Kesavananda Bharati,Constitutional Amendment,Judicial Review,Democracy,Federalism,Secularism","Kesavananda Bharati v. State of Kerala","1973","13-judge bench held that basic structure of Constitution is inviolable even by constitutional amendment","Minerva Mills v. Union of India","1980","Harmony between Fundamental Rights and DPSPs is part of basic structure; Articles 14 and 19 form its core","High","Constitutional Doctrines"
"IND-066","Constitutional Doctrine","Writ Jurisdiction","Doctrine of Habeas Corpus","Habeas Corpus — You may have the body","A writ of habeas corpus is a court order directing an authority holding a person in custody to produce the person before the court so the court can determine whether the detention is lawful or not. It is the primary safeguard against illegal detention and imprisonment.","'Habeas Corpus' means 'you shall have the body'. It is the most important writ to protect personal liberty. Petition can be filed by detainee or anyone on their behalf. Courts will scrutinize whether arrest was under valid authority, procedure followed, and if continued detention is justified. Cannot be suspended even during emergencies (post-44th Amendment).","Habeas Corpus,Illegal Detention,Personal Liberty,Article 21,Writ Jurisdiction","ADM Jabalpur v. Shivkant Shukla","1976","(Wrongly decided) Habeas Corpus can be suspended during emergency — overruled by KS Puttaswamy","D.K. Basu v. State of West Bengal","1997","Habeas Corpus includes protection against custodial torture; detailed arrest guidelines issued","High","Constitutional Doctrines - Writs"
"IND-067","Constitutional Doctrine","Writ Jurisdiction","Doctrine of Mandamus","Mandamus — We Command","A writ of mandamus is a court order commanding a public authority, tribunal, corporation, or inferior court to perform a public or statutory duty it has refused or failed to perform, or to refrain from acting unlawfully.","'Mandamus' means 'we command'. Issued against public bodies that fail to perform a mandatory public duty. Cannot be issued against: private individuals, President or Governor for discretionary acts, or where alternative remedy exists. The body must have a legal duty and petitioner a legal right to its performance.","Mandamus,Public Duty,Statutory Duty,Public Authority,Performance","Rai Shivendra Bahadur v. Board of Governors NIT Jamshedpur","1962","Mandamus lies to compel performance of public duty by educational institutions","S.P. Gupta v. Union of India","1981","Mandamus can issue to direct appointment of judges as per collegium recommendations","High","Constitutional Doctrines - Writs"
"IND-068","Constitutional Doctrine","Separation of Powers","Doctrine of Separation of Powers","Separation of Powers in Indian Constitution","India follows a modified separation of powers — the three organs (Legislature, Executive, Judiciary) have defined roles, and each has checks and balances over the other. Courts can strike down executive actions and legislation. Parliament can remove judges and amend the Constitution. The Executive controls Parliament's agenda.","India does not have strict separation of powers as in the US. The President/Governor executes on ministerial advice; Parliament passes laws; Courts interpret. Checks and balances are provided through judicial review, Parliamentary accountability, President's assent, etc. Basic structure doctrine is the most powerful check on legislative supremacy.","Separation of Powers,Checks and Balances,Judicial Review,Legislature,Executive,Judiciary","Ram Jawaya Kapur v. State of Punjab","1955","Indian Constitution does not adopt strict separation of powers; each organ has some overlap","I.C. Golak Nath v. State of Punjab","1967","Judicial power to invalidate constitutional amendments is the ultimate check on parliamentary power","High","Constitutional Doctrines"
"IND-069","Constitutional Doctrine","Federalism","Indian Federalism — Features","Quasi-Federal Nature of Indian Constitution","India has a federal structure with a strong Centre. Federal features: Written Constitution, rigid amendment procedure, independent judiciary, two houses in Parliament, Seventh Schedule distribution. Unitary features: Single Constitution, single citizenship, emergency provisions, All India Services, Centre's residuary powers, power to alter state boundaries.","India's federalism is called 'quasi-federal' or 'federal with strong unitary features' (K.C. Wheare). During normal times it works as a federation; during emergencies it becomes more unitary. The holding in SR Bommai upheld federalism as a basic feature of the Constitution. Cooperative federalism is now emphasized through GST Council, NITI Aayog, etc.","Federalism,Quasi-Federal,Unitary Features,Centre-State,Cooperative Federalism,SR Bommai","S.R. Bommai v. Union of India","1994","Federalism is a basic feature of the Constitution; President's Rule must not be imposed to destabilize democratically elected governments","State of West Bengal v. Union of India","1962","Indian federation is not a compact between States; States cannot challenge federal laws on sovereignty grounds","High","Constitutional Doctrines"
"IND-070","Statute","Major Central Legislations","Prevention of Money Laundering Act 2002","PMLA 2002","Whosoever directly or indirectly attempts to indulge or knowingly assists or knowingly is a party or is actually involved in any process or activity connected proceeds of crime and projecting it as untainted property shall be guilty of offence of money laundering","PMLA criminalizes money laundering — conversion of 'proceeds of crime' into clean assets. Enforcement Directorate investigates. Conviction of scheduled offence is necessary. ED can attach properties provisionally. Stringent bail conditions: accused must prove they are not guilty and won't commit offence again (twin test). Adjudicating Authority and Appellate Tribunal for appeals.","PMLA,Money Laundering,Enforcement Directorate,Attachment,Proceeds of Crime,Twin Test Bail","Vijay Madanlal Choudhary v. Union of India","2022","PMLA's wide powers of arrest, search, seizure and bail conditions are constitutionally valid","Y. Balaji v. Karthik Desari","2023","PMLA must be applied strictly within its scope; cannot be used to harass","High","Statutory Laws - Criminal Economic"
"IND-071","Constitutional Doctrine","Judicial Review","Doctrine of Proportionality","Proportionality in Constitutional Law","Proportionality requires that the means chosen by the State must be suitable to achieve the legitimate aim, necessary (least restrictive alternative available), and proportionate in balance (benefits must not be outweighed by harms to rights). It is the global standard for rights adjudication.","Proportionality replaces the older 'reasonableness' test. Courts now ask: Is the state's aim legitimate? Is the measure suitable? Is it necessary (is there a less restrictive alternative)? Is it proportionate (do the benefits outweigh the rights violation)? Applied in Article 19, 21, and Article 14 challenges.","Proportionality,Judicial Review,Least Restrictive,Balancing Test,Rights Adjudication","Modern Dental College v. State of MP","2016","Four-stage proportionality test adopted from comparative constitutional law","KS Puttaswamy v. Union of India (Aadhaar)","2018","Proportionality test applied rigorously to data protection and privacy restrictions","High","Constitutional Doctrines - Judicial Review"
"IND-072","Constitutional Development","Recent Developments","Article 370 Abrogation 2019","Abrogation of Article 370 and Reorganisation of J&K","The Constitution (Application to Jammu and Kashmir) Order 2019 operationalised Article 370(3) to abrogate all special provisions for Jammu & Kashmir. The J&K Reorganisation Act 2019 bifurcated the State into two Union Territories — J&K (with legislature) and Ladakh (without legislature)","Article 370 gave special status to J&K allowing it to have its own Constitution and limiting Parliament's jurisdiction. In August 2019, the President issued an order extending all provisions of the Indian Constitution to J&K and effectively abrogating Article 370. The State was simultaneously bifurcated into two UTs under Article 3.","Article 370,Special Status,Jammu Kashmir,Abrogation,Reorganisation,Union Territory,Ladakh","In Re Article 370 of the Constitution","2023","SC upheld abrogation of Article 370; J&K did not have internal sovereignty; statehood to be restored at appropriate time","Prem Nath Kaul v. State of J&K","1959","Article 370 was a transitional provision; constituent assembly of J&K had limited role","High","Constitutional Developments"
"IND-073","Constitutional Development","Recent Developments","Transgender Persons Act 2019","Transgender Persons (Protection of Rights) Act 2019","A transgender person shall have a right to be recognised as such and every transgender person who has been recognised shall have a right to self-perceived gender identity","India's first comprehensive law protecting transgender persons. Prohibits discrimination in education, employment, healthcare. Recognises right to self-identified gender. Mandates certificate of identity. However, criticized for mandatory medical certification for 'male' or 'female' recognition and inadequate penal provisions.","Transgender,Gender Identity,Self-Identification,LGBTQ,Discrimination Protection","National Legal Services Authority v. Union of India","2014","Transgender persons have right to self-identify their gender; are third gender with all constitutional rights","Navtej Singh Johar v. Union of India","2018","Section 377 IPC decriminalized; sexual orientation and gender identity protected under Articles 14, 15, 19, 21","High","Statutory Laws - Social Justice"
"IND-074","Statute","Major Central Legislations","Digital Personal Data Protection Act 2023","Digital Personal Data Protection Act 2023","A Data Principal shall have a right to obtain from a Data Fiduciary a summary of the personal data being processed; to know the identities of all other Data Fiduciaries and Data Processors with whom the personal data has been shared","India's first comprehensive data protection law implementing the right to privacy under Article 21. Requires consent for processing personal data. Data Principals (individuals) have rights to access, correction, erasure, and grievance redressal. Data Protection Board adjudicates complaints. Significant financial penalties for breaches.","DPDP Act,Data Protection,Personal Data,Consent,Data Principal,Data Fiduciary,Privacy","KS Puttaswamy v. Union of India","2017","Right to Privacy is a Fundamental Right; data protection legislation is constitutionally mandated","Justice Srikrishna Committee Report","2018","Foundational report that recommended data protection framework eventually enacted as DPDP 2023","High","Statutory Laws - Digital"
"IND-075","Constitutional Doctrine","Election Law","Model Code of Conduct","Model Code of Conduct — Constitutional Basis","The Model Code of Conduct (MCC) is a set of guidelines issued by the Election Commission of India for the conduct of political parties and candidates during elections. It comes into force from the date of announcement of election schedule.","The MCC has no statutory basis but derives its force from Article 324 (Election Commission's superintendence, direction, and control of elections). It prohibits use of government machinery and resources for election campaigning, communal appeals, and bribery. The Election Commission enforces it through moral and constitutional authority. Violators face derecognition, candidate disqualification.","Model Code of Conduct,Election Commission,Article 324,Free and Fair Elections,Government Machinery","T.N. Seshan v. Union of India","1995","Election Commission has wide powers under Article 324 to ensure free and fair elections including enforcement of MCC","Union of India v. Association for Democratic Reforms","2002","Election Commission can direct disclosure of criminal and financial background of candidates","High","Election Law"
